{"is_source_file": false, "format": null, "description": "", "external_files": [], "external_methods": [], "published": [], "classes": [], "methods": [], "calls": [], "search-terms": [], "state": 2, "file_id": 6, "knowledge_revision": 45, "git_revision": "e4d61bfc6ad34172954d39f7d8f8d56b64a2bd06", "hash": "9a7ae590a02156562a4df6c0f23a58d8", "format-version": 4, "code-base-name": "hello_frontend", "filename": "hello_frontend/src/app/app.component.html", "revision_history": [{"45": "e4d61bfc6ad34172954d39f7d8f8d56b64a2bd06"}]}