{"is_source_file": false, "format": "", "description": "", "external_files": [], "external_methods": [], "published": [], "classes": [], "methods": [], "calls": [], "search-terms": [], "state": 2, "file_id": 19, "knowledge_revision": 35, "git_revision": "0906446c9fd1470fdcd5a28f4e4da9606d328ced", "hash": "01baab25e7c57e65c9edc86e42c126e8", "format-version": 4, "code-base-name": "hello_frontend", "filename": "hello_frontend/package.json", "revision_history": [{"35": "0906446c9fd1470fdcd5a28f4e4da9606d328ced"}]}