{"is_source_file": true, "file_id": 21, "git_revision": "", "state": 1, "description": "", "external_files": [], "external_methods": [], "published": [], "classes": [], "methods": [], "calls": [], "search-terms": [], "ctags": [{"_type": "tag", "name": "DashboardApiService", "path": "/home/kavia/workspace/code-generation/hello-world-location-and-weather-dashboard-228752-228763/hello_frontend/src/app/services/dashboard-api.service.ts", "pattern": "/^export class DashboardApiService {$/", "language": "TypeScript", "kind": "class"}, {"_type": "tag", "name": "HelloResponse", "path": "/home/kavia/workspace/code-generation/hello-world-location-and-weather-dashboard-228752-228763/hello_frontend/src/app/services/dashboard-api.service.ts", "pattern": "/^export interface HelloResponse {$/", "language": "TypeScript", "kind": "interface"}, {"_type": "tag", "name": "LocationResponse", "path": "/home/kavia/workspace/code-generation/hello-world-location-and-weather-dashboard-228752-228763/hello_frontend/src/app/services/dashboard-api.service.ts", "pattern": "/^export interface LocationResponse {$/", "language": "TypeScript", "kind": "interface"}, {"_type": "tag", "name": "TemperatureResponse", "path": "/home/kavia/workspace/code-generation/hello-world-location-and-weather-dashboard-228752-228763/hello_frontend/src/app/services/dashboard-api.service.ts", "pattern": "/^export interface TemperatureResponse {$/", "language": "TypeScript", "kind": "interface"}, {"_type": "tag", "name": "backendMsg", "path": "/home/kavia/workspace/code-generation/hello-world-location-and-weather-dashboard-228752-228763/hello_frontend/src/app/services/dashboard-api.service.ts", "pattern": "/^      const backendMsg =$/", "language": "TypeScript", "kind": "constant"}, {"_type": "tag", "name": "http", "path": "/home/kavia/workspace/code-generation/hello-world-location-and-weather-dashboard-228752-228763/hello_frontend/src/app/services/dashboard-api.service.ts", "pattern": "/^  private readonly http = inject(HttpClient);$/", "language": "TypeScript", "kind": "property", "scope": "DashboardApiService", "scopeKind": "class"}, {"_type": "tag", "name": "location", "path": "/home/kavia/workspace/code-generation/hello-world-location-and-weather-dashboard-228752-228763/hello_frontend/src/app/services/dashboard-api.service.ts", "pattern": "/^  location: string;$/", "language": "TypeScript", "kind": "property", "scope": "LocationResponse", "scopeKind": "interface"}, {"_type": "tag", "name": "message", "path": "/home/kavia/workspace/code-generation/hello-world-location-and-weather-dashboard-228752-228763/hello_frontend/src/app/services/dashboard-api.service.ts", "pattern": "/^  message: string;$/", "language": "TypeScript", "kind": "property", "scope": "HelloResponse", "scopeKind": "interface"}, {"_type": "tag", "name": "status", "path": "/home/kavia/workspace/code-generation/hello-world-location-and-weather-dashboard-228752-228763/hello_frontend/src/app/services/dashboard-api.service.ts", "pattern": "/^      const status = err.status ? ` (HTTP ${err.status})` : '';$/", "language": "TypeScript", "kind": "constant"}, {"_type": "tag", "name": "temperature", "path": "/home/kavia/workspace/code-generation/hello-world-location-and-weather-dashboard-228752-228763/hello_frontend/src/app/services/dashboard-api.service.ts", "pattern": "/^  temperature: string;$/", "language": "TypeScript", "kind": "property", "scope": "TemperatureResponse", "scopeKind": "interface"}], "format": "TypeScript", "hash": "2a7b1defcfd35a0c7cdaef460338caf9", "format-version": 4, "code-base-name": "hello_frontend", "filename": "hello_frontend/src/app/services/dashboard-api.service.ts", "knowledge_revision": 42}