{"is_source_file": true, "format": "TypeScript (Angular configuration file)", "description": "This file configures the Angular application's providers, including routing, HTTP client, zone change detection, and hydration.", "external_files": ["@angular/core", "@angular/common/http", "@angular/router", "@angular/platform-browser", "./app.routes"], "external_methods": ["provideZoneChangeDetection", "provideHttpClient", "withFetch", "provideRouter", "provideClientHydration", "withEventReplay"], "published": ["appConfig"], "classes": [], "methods": [{"name": "appConfig", "description": "The main application configuration providing various Angular providers."}], "calls": ["provideZoneChangeDetection", "provideHttpClient", "provideRouter", "provideClientHydration"], "search-terms": ["Angular app configuration", "provide HTTP client", "provide router", "zone change detection", "hydration", "app.config.ts"], "state": 2, "file_id": 5, "knowledge_revision": 43, "git_revision": "e4d61bfc6ad34172954d39f7d8f8d56b64a2bd06", "revision_history": [{"41": "0906446c9fd1470fdcd5a28f4e4da9606d328ced"}, {"43": "e4d61bfc6ad34172954d39f7d8f8d56b64a2bd06"}], "ctags": [{"_type": "tag", "name": "appConfig", "path": "/home/kavia/workspace/code-generation/hello-world-location-and-weather-dashboard-228752-228763/hello_frontend/src/app/app.config.ts", "pattern": "/^export const appConfig: ApplicationConfig = {$/", "language": "TypeScript", "kind": "constant"}], "hash": "9f60593ad0c6accfdfc3ab3e37f59bc5", "format-version": 4, "code-base-name": "hello_frontend", "filename": "hello_frontend/src/app/app.config.ts"}