{"is_source_file": false, "format": "", "description": "", "external_files": [], "external_methods": [], "published": [], "classes": [], "methods": [], "calls": [], "search-terms": [], "state": 2, "file_id": 13, "knowledge_revision": 26, "git_revision": "0906446c9fd1470fdcd5a28f4e4da9606d328ced", "hash": "76952b112594265d2e9481c534c6b718", "format-version": 4, "code-base-name": "hello_frontend", "filename": "hello_frontend/src/index.html", "revision_history": [{"26": "0906446c9fd1470fdcd5a28f4e4da9606d328ced"}]}