{"is_source_file": false, "format": "", "description": "", "external_files": [], "external_methods": [], "published": [], "classes": [], "methods": [], "calls": [], "search-terms": ["app.component.css", "Ocean Professional theme tokens", "CSS", "CSS variables", "CSS styling", "Angular component styles", "CSS theming", "CSS layout", "CSS grid", "CSS media queries"], "state": 2, "file_id": 8, "knowledge_revision": 46, "git_revision": "e4d61bfc6ad34172954d39f7d8f8d56b64a2bd06", "hash": "c74c12343c45f58909822d6fe8998dd9", "format-version": 4, "code-base-name": "hello_frontend", "filename": "hello_frontend/src/app/app.component.css", "revision_history": [{"46": "e4d61bfc6ad34172954d39f7d8f8d56b64a2bd06"}]}