{"is_source_file": false, "format": "", "description": "", "external_files": [], "external_methods": [], "published": [], "classes": [], "methods": [], "calls": [], "search-terms": [], "state": 2, "file_id": 3, "knowledge_revision": 22, "git_revision": "0906446c9fd1470fdcd5a28f4e4da9606d328ced", "hash": "ed87f0986ed05a71a6cf69cb9768e2a9", "format-version": 4, "code-base-name": "hello_frontend", "filename": "hello_frontend/src/styles.css", "revision_history": [{"22": "0906446c9fd1470fdcd5a28f4e4da9606d328ced"}]}