{"is_source_file": false, "format": "", "description": "", "external_files": [], "external_methods": [], "published": [], "classes": [], "methods": [], "calls": [], "search-terms": [], "state": 2, "file_id": 17, "knowledge_revision": 32, "git_revision": "0906446c9fd1470fdcd5a28f4e4da9606d328ced", "hash": "64cc45ff2b7dc220b2fb18a2e8d96ce8", "format-version": 4, "code-base-name": "hello_frontend", "filename": "hello_frontend/tsconfig.json", "revision_history": [{"32": "0906446c9fd1470fdcd5a28f4e4da9606d328ced"}]}