{"is_source_file": false, "format": "", "description": "", "external_files": [], "external_methods": [], "published": [], "classes": [], "methods": [], "calls": [], "search-terms": [], "state": 2, "file_id": 15, "knowledge_revision": 29, "git_revision": "0906446c9fd1470fdcd5a28f4e4da9606d328ced", "hash": "a88a471f435da6e3fe5e31affcd559af", "format-version": 4, "code-base-name": "hello_frontend", "filename": "hello_frontend/tsconfig.app.json", "revision_history": [{"29": "0906446c9fd1470fdcd5a28f4e4da9606d328ced"}]}