{"is_source_file": false, "format": "", "description": "", "external_files": [], "external_methods": [], "published": [], "classes": [], "methods": [], "calls": [], "search-terms": [], "state": 2, "file_id": 6, "knowledge_revision": 23, "git_revision": "0906446c9fd1470fdcd5a28f4e4da9606d328ced", "hash": "c943f83c5c83b9b7adf2bae69cf658ea", "format-version": 4, "code-base-name": "hello_frontend", "filename": "hello_frontend/src/app/app.component.html", "revision_history": [{"23": "0906446c9fd1470fdcd5a28f4e4da9606d328ced"}]}