{"is_source_file": true, "format": "TypeScript", "description": "This file is an Angular application configuration file that sets up routing, zone change detection, and hydration providers for the app.", "external_files": ["@angular/core", "./app.routes", "@angular/platform-browser"], "external_methods": ["provideZoneChangeDetection", "provideRouter", "provideClientHydration", "withEventReplay"], "published": ["appConfig"], "classes": [], "methods": [{"name": "provideZoneChangeDetection", "description": "Provides zone change detection with event coalescing."}, {"name": "provideRouter", "description": "Provides routing configuration based on defined routes."}, {"name": "provideClientHydration", "description": "Provides hydration support for server-side rendering."}, {"name": "withEventReplay", "description": "Enables event replay for hydration."}], "calls": ["provideZoneChangeDetection({ eventCoalescing: true })", "provideRouter(routes)", "provideClientHydration(withEventReplay())"], "search-terms": ["app.config.ts", "Angular application configuration", "provideRouter", "provideZoneChangeDetection", "provideClientHydration", "withEventReplay"], "state": 2, "file_id": 5, "knowledge_revision": 41, "git_revision": "0906446c9fd1470fdcd5a28f4e4da9606d328ced", "ctags": [{"_type": "tag", "name": "appConfig", "path": "/home/kavia/workspace/code-generation/hello-world-location-and-weather-dashboard-228752-228763/hello_frontend/src/app/app.config.ts", "pattern": "/^export const appConfig: ApplicationConfig = {$/", "language": "TypeScript", "kind": "constant"}], "hash": "ddcd5a984786347b39d244da3ac0d836", "format-version": 4, "code-base-name": "hello_frontend", "filename": "hello_frontend/src/app/app.config.ts", "revision_history": [{"41": "0906446c9fd1470fdcd5a28f4e4da9606d328ced"}]}