{"is_source_file": false, "format": "", "description": "", "external_files": [], "external_methods": [], "published": [], "classes": [], "methods": [], "calls": [], "search-terms": [], "state": 2, "file_id": 14, "knowledge_revision": 31, "git_revision": "0906446c9fd1470fdcd5a28f4e4da9606d328ced", "hash": "9a89dca91155c7dbd9e00b0c719cb194", "format-version": 4, "code-base-name": "hello_frontend", "filename": "hello_frontend/eslint.config.mjs", "revision_history": [{"31": "0906446c9fd1470fdcd5a28f4e4da9606d328ced"}]}