{"is_source_file": true, "format": "TypeScript", "description": "This file initializes an Angular application by bootstrapping the main AppComponent with configuration settings.", "external_files": ["@angular/platform-browser", "./app/app.config", "./app/app.component"], "external_methods": ["bootstrapApplication"], "published": ["AppComponent", "appConfig"], "classes": [], "methods": [], "calls": ["bootstrapApplication(AppComponent, appConfig)"], "search-terms": ["Angular", "bootstrapApplication", "main.ts", "appConfig", "AppComponent"], "state": 2, "file_id": 11, "knowledge_revision": 37, "git_revision": "0906446c9fd1470fdcd5a28f4e4da9606d328ced", "ctags": [], "hash": "c986c915181c0d91d6ea1af9fc003131", "format-version": 4, "code-base-name": "hello_frontend", "filename": "hello_frontend/src/main.ts", "revision_history": [{"37": "0906446c9fd1470fdcd5a28f4e4da9606d328ced"}]}