{"is_source_file": true, "format": "TypeScript", "description": "This file is an Angular service that provides methods to communicate with a backend API, fetching greeting messages, location info, and temperature data.", "external_files": ["@angular/core", "@angular/common/http", "rxjs"], "external_methods": ["HttpClient.get", "catchError", "map", "throwError"], "published": ["DashboardApiService"], "classes": [{"name": "DashboardApiService", "description": "An Angular service that encapsulates methods to call backend API endpoints for greeting, location, and temperature data."}], "methods": [{"name": "getHello", "description": "Fetches a greeting message from the backend API."}, {"name": "getLocation", "description": "Fetches current location data from the backend API."}, {"name": "getTemperature", "description": "Fetches current temperature data from the backend API."}, {"name": "toUserFacingError", "description": "Converts an error object into a user-readable Error, adds context and HTTP status if available."}], "calls": ["this.http.get", "catchError", "map", "throwError"], "search-terms": ["DashboardApiService", "Angular", "API service", "TemperatureResponse", "LocationResponse", "HelloResponse", "HttpClient"], "state": 2, "file_id": 21, "knowledge_revision": 48, "git_revision": "e4d61bfc6ad34172954d39f7d8f8d56b64a2bd06", "ctags": [{"_type": "tag", "name": "DashboardApiService", "path": "/home/kavia/workspace/code-generation/hello-world-location-and-weather-dashboard-228752-228763/hello_frontend/src/app/services/dashboard-api.service.ts", "pattern": "/^export class DashboardApiService {$/", "language": "TypeScript", "kind": "class"}, {"_type": "tag", "name": "HelloResponse", "path": "/home/kavia/workspace/code-generation/hello-world-location-and-weather-dashboard-228752-228763/hello_frontend/src/app/services/dashboard-api.service.ts", "pattern": "/^export interface HelloResponse {$/", "language": "TypeScript", "kind": "interface"}, {"_type": "tag", "name": "LocationResponse", "path": "/home/kavia/workspace/code-generation/hello-world-location-and-weather-dashboard-228752-228763/hello_frontend/src/app/services/dashboard-api.service.ts", "pattern": "/^export interface LocationResponse {$/", "language": "TypeScript", "kind": "interface"}, {"_type": "tag", "name": "TemperatureResponse", "path": "/home/kavia/workspace/code-generation/hello-world-location-and-weather-dashboard-228752-228763/hello_frontend/src/app/services/dashboard-api.service.ts", "pattern": "/^export interface TemperatureResponse {$/", "language": "TypeScript", "kind": "interface"}, {"_type": "tag", "name": "backendMsg", "path": "/home/kavia/workspace/code-generation/hello-world-location-and-weather-dashboard-228752-228763/hello_frontend/src/app/services/dashboard-api.service.ts", "pattern": "/^      const backendMsg =$/", "language": "TypeScript", "kind": "constant"}, {"_type": "tag", "name": "http", "path": "/home/kavia/workspace/code-generation/hello-world-location-and-weather-dashboard-228752-228763/hello_frontend/src/app/services/dashboard-api.service.ts", "pattern": "/^  private readonly http = inject(HttpClient);$/", "language": "TypeScript", "kind": "property", "scope": "DashboardApiService", "scopeKind": "class"}, {"_type": "tag", "name": "location", "path": "/home/kavia/workspace/code-generation/hello-world-location-and-weather-dashboard-228752-228763/hello_frontend/src/app/services/dashboard-api.service.ts", "pattern": "/^  location: string;$/", "language": "TypeScript", "kind": "property", "scope": "LocationResponse", "scopeKind": "interface"}, {"_type": "tag", "name": "message", "path": "/home/kavia/workspace/code-generation/hello-world-location-and-weather-dashboard-228752-228763/hello_frontend/src/app/services/dashboard-api.service.ts", "pattern": "/^  message: string;$/", "language": "TypeScript", "kind": "property", "scope": "HelloResponse", "scopeKind": "interface"}, {"_type": "tag", "name": "status", "path": "/home/kavia/workspace/code-generation/hello-world-location-and-weather-dashboard-228752-228763/hello_frontend/src/app/services/dashboard-api.service.ts", "pattern": "/^      const status = err.status ? ` (HTTP ${err.status})` : '';$/", "language": "TypeScript", "kind": "constant"}, {"_type": "tag", "name": "temperature", "path": "/home/kavia/workspace/code-generation/hello-world-location-and-weather-dashboard-228752-228763/hello_frontend/src/app/services/dashboard-api.service.ts", "pattern": "/^  temperature: string;$/", "language": "TypeScript", "kind": "property", "scope": "TemperatureResponse", "scopeKind": "interface"}], "hash": "2a7b1defcfd35a0c7cdaef460338caf9", "format-version": 4, "code-base-name": "hello_frontend", "filename": "hello_frontend/src/app/services/dashboard-api.service.ts", "fields": [{"name": "export interface HelloResponse {", "scope": "", "scopeKind": "", "description": "unavailable"}, {"name": "export interface LocationResponse {", "scope": "", "scopeKind": "", "description": "unavailable"}, {"name": "export interface TemperatureResponse {", "scope": "", "scopeKind": "", "description": "unavailable"}, {"name": "private readonly http = inject(HttpClient);", "scope": "DashboardApiService", "scopeKind": "class", "description": "unavailable"}, {"name": "location: string;", "scope": "LocationResponse", "scopeKind": "interface", "description": "unavailable"}, {"name": "message: string;", "scope": "HelloResponse", "scopeKind": "interface", "description": "unavailable"}, {"name": "temperature: string;", "scope": "TemperatureResponse", "scopeKind": "interface", "description": "unavailable"}], "revision_history": [{"48": "e4d61bfc6ad34172954d39f7d8f8d56b64a2bd06"}]}