{"is_source_file": true, "format": "TypeScript", "description": "This file sets up server configuration for an Angular application, merging client and server configs for server-side rendering support.", "external_files": ["@angular/core", "@angular/platform-server", "./app.config"], "external_methods": ["mergeApplicationConfig", "provideServerRendering"], "published": ["config"], "classes": [], "methods": [{"name": "mergeApplicationConfig", "description": "Merges two application configuration objects into one, combining their providers and settings."}, {"name": "provideServerRendering", "description": "Provides server rendering configuration for Angular's dependency injection system."}], "calls": ["provideServerRendering()", "mergeApplicationConfig(appConfig, serverConfig)"], "search-terms": ["app.config.server", "Angular server configuration", "mergeApplicationConfig", "provideServerRendering", "ApplicationConfig", "appConfig"], "state": 2, "file_id": 9, "knowledge_revision": 40, "git_revision": "0906446c9fd1470fdcd5a28f4e4da9606d328ced", "ctags": [{"_type": "tag", "name": "config", "path": "/home/kavia/workspace/code-generation/hello-world-location-and-weather-dashboard-228752-228763/hello_frontend/src/app/app.config.server.ts", "pattern": "/^export const config = mergeApplicationConfig(appConfig, serverConfig);$/", "language": "TypeScript", "kind": "constant"}, {"_type": "tag", "name": "serverConfig", "path": "/home/kavia/workspace/code-generation/hello-world-location-and-weather-dashboard-228752-228763/hello_frontend/src/app/app.config.server.ts", "pattern": "/^const serverConfig: ApplicationConfig = {$/", "language": "TypeScript", "kind": "constant"}], "hash": "9fcafd12104018b7fb74bad3e42a1977", "format-version": 4, "code-base-name": "hello_frontend", "filename": "hello_frontend/src/app/app.config.server.ts", "revision_history": [{"40": "0906446c9fd1470fdcd5a28f4e4da9606d328ced"}]}