{"is_source_file": false, "format": "", "description": "", "external_files": [], "external_methods": [], "published": [], "classes": [], "methods": [], "calls": [], "search-terms": [], "state": 2, "file_id": 20, "knowledge_revision": 36, "git_revision": "0906446c9fd1470fdcd5a28f4e4da9606d328ced", "hash": "3bbab7796b2ab5af73dcc4b5f9064535", "format-version": 4, "code-base-name": "hello_frontend", "filename": "hello_frontend/tsconfig.spec.json", "revision_history": [{"36": "0906446c9fd1470fdcd5a28f4e4da9606d328ced"}]}