{"is_source_file": false, "format": "CSS", "description": "This file contains CSS styles for the app component, defining layout and styling for the container and h1 elements.", "external_files": [], "external_methods": [], "published": [], "classes": [], "methods": [], "calls": [], "search-terms": ["app.component.css", "CSS", "styles", "layout", "container", "h1"], "state": 2, "file_id": 8, "knowledge_revision": 25, "git_revision": "0906446c9fd1470fdcd5a28f4e4da9606d328ced", "hash": "b9a65cdb5bc86c04cfa95119ad2adec6", "format-version": 4, "code-base-name": "hello_frontend", "filename": "hello_frontend/src/app/app.component.css", "revision_history": [{"25": "0906446c9fd1470fdcd5a28f4e4da9606d328ced"}]}