{"is_source_file": true, "format": "TypeScript", "description": "This is an Angular component file defining the root app component. It sets up the component metadata and declares a title property.", "external_files": ["./app.component.html", "./app.component.css"], "external_methods": [], "published": ["AppComponent"], "classes": [{"name": "AppComponent", "description": "The root component of the Angular app that holds the main application template and logic."}], "methods": [{"name": "title", "description": "A property initialized with a string indicating the frontend is being generated."}], "calls": [], "search-terms": ["Angular", "Component", "app-root", "app.component", "TypeScript", "decorator", "property"], "state": 2, "file_id": 4, "knowledge_revision": 27, "git_revision": "0906446c9fd1470fdcd5a28f4e4da9606d328ced", "ctags": [{"_type": "tag", "name": "AppComponent", "path": "/home/kavia/workspace/code-generation/hello-world-location-and-weather-dashboard-228752-228763/hello_frontend/src/app/app.component.ts", "pattern": "/^export class AppComponent {$/", "language": "TypeScript", "kind": "class"}, {"_type": "tag", "name": "title", "path": "/home/kavia/workspace/code-generation/hello-world-location-and-weather-dashboard-228752-228763/hello_frontend/src/app/app.component.ts", "pattern": "/^  title = 'hello_frontend is being generated';$/", "language": "TypeScript", "kind": "property", "scope": "AppComponent", "scopeKind": "class"}], "hash": "b79a2f377af302d26ca791fa205bf317", "format-version": 4, "code-base-name": "hello_frontend", "filename": "hello_frontend/src/app/app.component.ts", "fields": [{"name": "title = 'hello_frontend is being generated';", "scope": "AppComponent", "scopeKind": "class", "description": "unavailable"}], "revision_history": [{"27": "0906446c9fd1470fdcd5a28f4e4da9606d328ced"}]}