{"is_source_file": false, "format": "", "description": "", "external_files": [], "external_methods": [], "published": [], "classes": [], "methods": [], "calls": [], "search-terms": [], "state": 2, "file_id": 18, "knowledge_revision": 33, "git_revision": "0906446c9fd1470fdcd5a28f4e4da9606d328ced", "hash": "7d3465ee11a90f93aaf340848e66ce1e", "format-version": 4, "code-base-name": "hello_frontend", "filename": "hello_frontend/angular.json", "revision_history": [{"33": "0906446c9fd1470fdcd5a28f4e4da9606d328ced"}]}