{"is_source_file": false, "format": "", "description": "", "external_files": [], "external_methods": [], "published": [], "classes": [], "methods": [], "calls": [], "search-terms": [], "state": 2, "file_id": 3, "knowledge_revision": 47, "git_revision": "e4d61bfc6ad34172954d39f7d8f8d56b64a2bd06", "hash": "6dac0bbde7a5b098f826540ac63fe46d", "format-version": 4, "code-base-name": "hello_frontend", "filename": "hello_frontend/src/styles.css", "revision_history": [{"47": "e4d61bfc6ad34172954d39f7d8f8d56b64a2bd06"}]}