{"is_source_file": true, "format": "TypeScript", "description": "This file defines the routing configuration for an Angular application, specifically an empty set of routes.", "external_files": ["@angular/router"], "external_methods": [], "published": ["routes"], "classes": [], "methods": [], "calls": [], "search-terms": ["app.routes.ts", "Angular routing", "Routes configuration"], "state": 2, "file_id": 7, "knowledge_revision": 34, "git_revision": "0906446c9fd1470fdcd5a28f4e4da9606d328ced", "ctags": [{"_type": "tag", "name": "routes", "path": "/home/kavia/workspace/code-generation/hello-world-location-and-weather-dashboard-228752-228763/hello_frontend/src/app/app.routes.ts", "pattern": "/^export const routes: Routes = [];$/", "language": "TypeScript", "kind": "constant"}], "hash": "9e82134f3e41732656270447c4c872fe", "format-version": 4, "code-base-name": "hello_frontend", "filename": "hello_frontend/src/app/app.routes.ts", "revision_history": [{"34": "0906446c9fd1470fdcd5a28f4e4da9606d328ced"}]}