{"is_source_file": false, "format": "", "description": "", "external_files": [], "external_methods": [], "published": [], "classes": [], "methods": [], "calls": [], "search-terms": [], "state": 2, "file_id": 16, "knowledge_revision": 30, "git_revision": "0906446c9fd1470fdcd5a28f4e4da9606d328ced", "hash": "448c65f2618eac91cb0718540996359a", "format-version": 4, "code-base-name": "hello_frontend", "filename": "hello_frontend/README.md", "revision_history": [{"30": "0906446c9fd1470fdcd5a28f4e4da9606d328ced"}]}