{"is_source_file": true, "format": "TypeScript", "description": "This file defines an Angular component 'AppComponent' that displays a dashboard with hello message, location, and temperature data fetched from backend APIs.", "external_files": ["./services/dashboard-api.service", "./app.component.html", "./app.component.css"], "external_methods": ["inject", "finalize", "subscribe"], "published": ["AppComponent"], "classes": [{"name": "AppComponent", "description": "Main Angular component for the dashboard UI, handles data fetching and UI state management."}], "methods": [{"name": "ngOnInit", "description": "Lifecycle hook that initializes the component and triggers data refresh on component load."}, {"name": "refresh", "description": "Fetches data for hello message, location, and temperature from backend services, updates states accordingly."}, {"name": "hasAnyError", "description": "Checks if any of the data cards are in an error state."}], "calls": ["this.api.getHello()", "this.api.getLocation()", "this.api.getTemperature()", "subscribe"], "search-terms": ["Angular dashboard component", "AppComponent", "Dashboard Api Service", "fetch location and temperature", "Angular OnInit"], "state": 2, "file_id": 4, "knowledge_revision": 44, "git_revision": "e4d61bfc6ad34172954d39f7d8f8d56b64a2bd06", "revision_history": [{"27": "0906446c9fd1470fdcd5a28f4e4da9606d328ced"}, {"44": "e4d61bfc6ad34172954d39f7d8f8d56b64a2bd06"}], "ctags": [{"_type": "tag", "name": "AppComponent", "path": "/home/kavia/workspace/code-generation/hello-world-location-and-weather-dashboard-228752-228763/hello_frontend/src/app/app.component.ts", "pattern": "/^export class AppComponent implements OnInit {$/", "language": "TypeScript", "kind": "class"}, {"_type": "tag", "name": "DataCardState", "path": "/home/kavia/workspace/code-generation/hello-world-location-and-weather-dashboard-228752-228763/hello_frontend/src/app/app.component.ts", "pattern": "/^interface DataCardState {$/", "language": "TypeScript", "kind": "interface"}, {"_type": "tag", "name": "LoadStatus", "path": "/home/kavia/workspace/code-generation/hello-world-location-and-weather-dashboard-228752-228763/hello_frontend/src/app/app.component.ts", "pattern": "/^type LoadStatus = 'idle' | 'loading' | 'success' | 'error';$/", "language": "TypeScript", "kind": "alias"}, {"_type": "tag", "name": "api", "path": "/home/kavia/workspace/code-generation/hello-world-location-and-weather-dashboard-228752-228763/hello_frontend/src/app/app.component.ts", "pattern": "/^  private readonly api = inject(DashboardApiService);$/", "language": "TypeScript", "kind": "property", "scope": "AppComponent", "scopeKind": "class"}, {"_type": "tag", "name": "error", "path": "/home/kavia/workspace/code-generation/hello-world-location-and-weather-dashboard-228752-228763/hello_frontend/src/app/app.component.ts", "pattern": "/^  error?: string;$/", "language": "TypeScript", "kind": "property", "scope": "DataCardState", "scopeKind": "interface"}, {"_type": "tag", "name": "status", "path": "/home/kavia/workspace/code-generation/hello-world-location-and-weather-dashboard-228752-228763/hello_frontend/src/app/app.component.ts", "pattern": "/^  status: LoadStatus;$/", "language": "TypeScript", "kind": "property", "scope": "DataCardState", "scopeKind": "interface"}, {"_type": "tag", "name": "value", "path": "/home/kavia/workspace/code-generation/hello-world-location-and-weather-dashboard-228752-228763/hello_frontend/src/app/app.component.ts", "pattern": "/^  value?: string;$/", "language": "TypeScript", "kind": "property", "scope": "DataCardState", "scopeKind": "interface"}], "hash": "493c3bf54fbb05e765c2283d104ab4a4", "format-version": 4, "code-base-name": "hello_frontend", "filename": "hello_frontend/src/app/app.component.ts", "fields": [{"name": "interface DataCardState {", "scope": "", "scopeKind": "", "description": "unavailable"}, {"name": "private readonly api = inject(DashboardApiService);", "scope": "AppComponent", "scopeKind": "class", "description": "unavailable"}, {"name": "error?: string;", "scope": "DataCardState", "scopeKind": "interface", "description": "unavailable"}, {"name": "status: LoadStatus;", "scope": "DataCardState", "scopeKind": "interface", "description": "unavailable"}, {"name": "value?: string;", "scope": "DataCardState", "scopeKind": "interface", "description": "unavailable"}]}