{"is_source_file": false, "format": "", "description": "", "external_files": [], "external_methods": [], "published": [], "classes": [], "methods": [], "calls": [], "search-terms": [], "state": 2, "file_id": 10, "knowledge_revision": 49, "git_revision": "e4d61bfc6ad34172954d39f7d8f8d56b64a2bd06", "ctags": [{"_type": "tag", "name": "app", "path": "/home/kavia/workspace/code-generation/hello-world-location-and-weather-dashboard-228752-228763/hello_frontend/src/app/app.component.spec.ts", "pattern": "/^    const app = fixture.componentInstance;$/", "language": "TypeScript", "kind": "constant"}, {"_type": "tag", "name": "compiled", "path": "/home/kavia/workspace/code-generation/hello-world-location-and-weather-dashboard-228752-228763/hello_frontend/src/app/app.component.spec.ts", "pattern": "/^    const compiled = fixture.nativeElement as HTMLElement;$/", "language": "TypeScript", "kind": "constant"}, {"_type": "tag", "name": "fixture", "path": "/home/kavia/workspace/code-generation/hello-world-location-and-weather-dashboard-228752-228763/hello_frontend/src/app/app.component.spec.ts", "pattern": "/^    const fixture = TestBed.createComponent(AppComponent);$/", "language": "TypeScript", "kind": "constant"}], "hash": "ef953458375b3dec690e1ececec6da29", "format-version": 4, "code-base-name": "hello_frontend", "filename": "hello_frontend/src/app/app.component.spec.ts", "revision_history": [{"49": "e4d61bfc6ad34172954d39f7d8f8d56b64a2bd06"}]}