{"is_source_file": true, "format": "TypeScript", "description": "This file is a server entry point for an Angular application, responsible for bootstrapping the application with a specific configuration.", "external_files": ["@angular/platform-browser", "./app/app.component", "./app/app.config.server"], "external_methods": ["bootstrapApplication"], "published": ["bootstrap"], "classes": [], "methods": [{"name": "bootstrap", "description": "Function to bootstrap the Angular application with the main component and configuration."}], "calls": ["bootstrapApplication"], "search-terms": ["main.server.ts", "Angular bootstrap", "bootstrapApplication", "server-side bootstrap"], "state": 2, "file_id": 12, "knowledge_revision": 39, "git_revision": "0906446c9fd1470fdcd5a28f4e4da9606d328ced", "ctags": [{"_type": "tag", "name": "bootstrap", "path": "/home/kavia/workspace/code-generation/hello-world-location-and-weather-dashboard-228752-228763/hello_frontend/src/main.server.ts", "pattern": "/^const bootstrap = () => bootstrapApplication(AppComponent, config);$/", "language": "TypeScript", "kind": "constant"}], "hash": "2f67d3e7163632b8f077f15a810789b6", "format-version": 4, "code-base-name": "hello_frontend", "filename": "hello_frontend/src/main.server.ts", "revision_history": [{"39": "0906446c9fd1470fdcd5a28f4e4da9606d328ced"}]}